City,Country
Tirana,Albania
Andorra la Vella,Andorra
Buenos Aires,Argentina
Yerevan,Armenia
Sydney,Australia
Canberra,Australia
Melbourne,Australia
Vienna,Austria
Baku,Azerbaijan
Dhaka,Bangladesh
Minsk,Belarus
Brussels,Belgium
Antwerp,Belgium
Sarajevo,Bosnia and Herzegovina
Sao Paulo,Brazil
Curitiba,Brazil
Sofia,Bulgaria
Montreal,Canada
Toronto,Canada
Edmonton,Canada
Vancouver,Canada
Ottawa,Canada
Victoria,Canada
Kitchener,Canada
Saint John,Canada
Santiago,Chile
Hong Kong,China
Bogota,Colombia
Zagreb,Croatia
Nicosia,Cyprus
Prague,Czech Republic
Brno,Czech Republic
Copenhagen,Denmark
Tallinn,Estonia
Helsinki,Finland
Montpellier,France
Marseille,France
Paris,France
Lyon,France
Nice,France
Strasbourg,France
Tbilisi,Georgia
Berlin,Germany
Frankfurt,Germany
Hamburg,Germany
Dortmund,Germany
Hannover,Germany
Munich,Germany
Athens,Greece
Thessaloniki,Greece
Reykjavik,Iceland
New Delhi,India
Tehran,Iran
Dublin,Ireland
Tel Aviv,Israel
Rome,Italy
Milan,Italy
Bologna,Italy
Turin,Italy
Bari,Italy
Naples,Italy
Tokyo,Japan
Amman,Jordan
Almaty,Kazakhstan
Nairobi,Kenya
Pristina,Kosovo
Bishkek,Kyrgyzstan
Riga,Latvia
Vilnius,Lithuania
Luxembourg City,Luxembourg
Kuala Lumpur,Malaysia
Kappara,Malta
Mexico City,Mexico
Chisinau,Moldova
Podgorica,Montenegro
The Hague,Netherlands
Eindhoven,Netherlands
Enschede,Netherlands
Hengelo,Netherlands
Amsterdam,Netherlands
Maastricht,Netherlands
Nijmegen,Netherlands
Christchurch,New Zealand
Wellington,New Zealand
Auckland,New Zealand
Skopje,North Madeonia
Oslo,Norway
Kirkenes,Norway
Lahore,Pakistan
Lima,Peru
Quezon City,Philippines
Krakow,Poland
Warsaw,Poland
Zakopane,Poland
Bydgoszcz,Poland
Poznan,Poland
Katowice,Poland
Lisbon,Portugal
Bucharest,Romania
Moscow,Russia
St. Petersburg,Russia
Yekaterinburg,Russia
Chelyabinsk,Russia
Novosibirsk,Russia
Nizhny Novgorod,Russia
Perm,Russia
Irkutsk,Russia
Vladivostok,Russia
Khabarovsk,Russia
Belgrade,Serbia
Bratislava,Slovakia
Ljubljana,Slovenia
Maribor,Slovenia
Pretoria,South Africa
Seoul,South Korea
Barcelona,Spain
Madrid,Spain
Colombo,Sri Lanka
Stockholm,Sweden
Gothenburg,Sweden
Malmo,Sweden
Geneva,Switzerland
Bern,Switzerland
Binnish,Syria
Taipei,Taiwan
Bangkok,Thailand
Istanbul,Turkey
Adana,Turkey
Ankara,Turkey
Izmir,Turkey
Mugla,Turkey
Belfast,UK
Glasgow,UK
Bristol,UK
London,UK
Manchester,UK
Edinburgh,UK
Caernarfon,UK
New York,USA
"Washington, D.C.",USA
Detroit,USA
San Francisco,USA
Montclair,USA
Minneapolis,USA
Los Angeles,USA
Boston,USA
Sacramento,USA
Austin,USA
Milwaukee,USA
Houston,USA
Denver,USA
Chicago,USA
Atlanta,USA
Raleigh,USA
Columbus,USA
Boise,USA
Madison,USA
Phoenix,USA
Salt Lake City,USA
Lincoln,USA
Nashville,USA
Birmingham,USA
Miami,USA
St. Petersburg,USA
North Port,USA
Morgantown,USA
Philadelphia,USA
Princeton,USA
Hartford,USA
Honolulu,USA
Anchorage,USA
Juneau,USA
Baton Rouge,USA
Metairie,USA
Kansas City,USA
Columbia,USA
Dallas,USA
Portland,USA
Seattle,USA
Portland,USA
Albuquerque,USA
Columbia,USA
Asheville,USA
Raleigh,USA
Fargo,USA
Louisville,USA
Lexington,USA
Norfolk,USA
Las Vegas,USA
Reno,USA
Carson City,USA
Jackson,USA
Tulsa,USA
Oklahoma City,USA
Iowa City,USA
Indianapolis,USA
Montpelier,USA
Concord,USA
Ames,USA
Kherson,Ukraine
Mariupol,Ukraine
Valencia,Venezuela